J_over_gamma_t,xi_read,N_floor,N_res
10.0,5.008309842822307,2.405021921476754,11.167336027920836
10.596372886056477,5.306031014895072,2.4714079719761504,11.524895716440533
11.228311834035287,5.621561020827347,2.5390883189008084,11.892962958179846
11.897937907435857,5.9559590007112675,2.6080881965164204,12.271846537037536
12.607498664233685,6.310347410675302,2.678433331068838,12.661864311098741
13.359375700667908,6.685915792392174,2.750149950375973,13.063343479296709
14.156092644919916,7.083924767437804,2.823264793606701,13.476620855910936
15.000323627513291,7.505710269956139,2.8978051212504243,13.902043153131881
15.894902256865416,7.9526880318776225,2.973798725281,14.339967271929433
16.84283113011666,8.426358335780618,3.0512739395188353,14.790760601469023
17.847291911159612,8.928311051378236,3.130259650195007,15.254801327326675
18.91165600969468,9.460230972560488,3.2107853067213377,15.732478748761523
20.03949589715557,10.023903472926632,3.2928809326704593,16.224193605311925
21.23459709748593,10.621220498808398,3.3765771369699484,16.73035841298928
22.50097089301335,11.25418691991459,3.461905125314699,17.251397810351463
23.842867788067263,11.924927258925727,3.5488967118018104,17.787748914746295
25.26479177553053,12.635692822637138,3.637584330792304,18.339861689023877
26.77151545420944,13.388869258595056,3.72800104900411,18.90819931902546
28.368096047762684,14.186984562596965,3.8201805778408167,19.493238602165505
30.059892378955837,15.032717563939475,3.914157285960794,20.09547034743294
31.852582856214337,15.928906916899553,4.009966212091372,20.715399787147245
33.752184532845696,16.878560628633124,4.107643078092846,21.353547000814682
35.76507330290209,17.884866155474864,4.207224302277184,22.010447351440362
37.89800530146941,18.951201101530103,4.30874701298641,22.686651934662176
40.15813958121152,20.081144555470793,4.412249062435709,23.38272804108328
42.55306214128212,21.278489103589227,4.5177690408264315,24.099259632191153
45.09081138925582,22.547253559432527,4.62534629073425,24.836847830262386
47.77990512153969,23.8916964527458,4.735020921777833,25.59611142266422
50.62936911282342,25.316330323000198,4.846833825573505,26.377687380975942
53.64876741052673,26.82593686548237,4.960826690981479,27.18223139536561
56.848234435925576,28.425582980783304,5.077042019649325,28.0104184246704
60.23850899970239,30.120637781556383,5.195523141858495,28.862943262642172
63.83097034609155,31.916790613627537,5.3163142326797885,29.740521120833073
67.63767634659995,33.8200701519449,5.439460328443801,30.643888228610447
71.67140397149751,35.836864635462646,5.565007343532479,31.5738024508042
75.94569217491767,37.973943308876756,5.693002087498074,32.53104392350494
80.47488733750892,40.238479143180776,5.823492282515821,33.51641570854616
85.27419141916292,42.638072911301975,5.956526581176922,34.530744467219655
90.35971298344077,45.1807786996267,6.092154584628398,35.57488115378924
95.74852126495772,47.8751309410427,6.2304268610666265,36.649701729384745
101.45870346119995,50.7301730602336,6.3713949645914285,37.75610789687502
107.50942544107035,53.75548782737157,6.515111454427747,38.895027857336615
113.92099607392682,56.96122952208869,6.661629914522083,40.06741708875258
120.71493539503045,60.35815801568357,6.811004973520985,41.27425914759495
127.914046836196,63.95767488595782,6.963292325139064,42.516566493963026
135.54249376408254,67.77186168589998,7.1185487489241,43.79538134097
143.62588058302035,71.81352049466318,7.276832131427005,45.111776529090356
152.1913386745902,76.09621688694347,7.4382014877845215,46.46685642620148
161.26761746240678,80.63432546498291,7.602716983722708,47.86175785407487
170.8851809077575,85.44307810602244,7.770439957989419,49.297651042093726
181.07630975998174,90.53861508714527,7.941432945224134,50.7757406089976
191.87520990478345,95.93803925910626,8.115759699273687,52.29726657347722
203.31812717414422,101.65947345098012,8.293485216962537,53.863505394467545
215.44346900318845,107.7221212983026,8.474675762326513,55.47577104201182
228.2919333423335,114.14633169887088,8.659398891319004,57.13541609959491
241.90664525741153,120.95366711254482,8.847723476998851,58.84383289887076
256.3333016762518,128.16697593429348,9.039719735209314,60.60245468773588
271.62032476755695,135.81046918340172,9.235459250757668,62.41275683272886
287.8190244668795,143.9098017662407,9.435015004105244,64.2762580567647
304.9837706952068,152.49215858535405,9.638461398577808,66.19452171324207
323.1721758481955,161.58634578388114,9.84587428810645,68.16915709759272
342.44528816856945,171.22288743157222,10.057331005509333,70.20182079737314
362.8677966507226,181.434127976917,10.272910391324835,72.29421808203124
384.5082481652772,192.25434080926027,10.492692823206827,74.4481043335137
407.4392775323618,203.71984329528672,10.71676024589307,76.66528651891461
431.7378513158359,215.8691186759876,10.945196201757879,78.94762470640048
457.48552615674055,228.74294523324895,11.178085861960467,81.29703362568344
484.7687225130567,242.38453315960086,11.415516058200573,83.71548427435208
513.679014724559,256.83966959052213,11.657575315093199,86.20500557140703
544.3134383763522,272.1568722860932,11.904353883174561,88.76768605938882
576.7748159927352,288.3875524778187,12.155943772551534,91.40567565652613
611.1721021545632,305.5861874272063,12.412438787207133,94.12118746037376
647.6207491984753,323.8105032752832,12.673934559974853,96.91649960445424
686.2430947254305,343.12166879677244,12.940528588194864,99.79395716945999
727.1687722192038,363.5845007092545,13.212320270065389,102.75597415061985
770.5351461530549,385.26768122642045,13.489410941702815,105.80503548288037
816.4877730449796,408.24398858562,13.771903914924323,108.9436991256005
865.1808900090456,432.59054132345767,14.059904515767176,112.17459820850934
916.7779324426061,458.38905711933,14.353520123758974,115.50044324072644
971.4520825869747,485.72612707569914,14.65286021195356,118.92402438469841
1029.3868508027717,514.6935063557045,14.958036387747478,122.44821379695952
1090.7766915109553,545.3884221536205,15.269162434492205,126.07596803767942
1155.8276558669077,577.9139000318461,15.586354353917695,129.81033055102048
1224.7580833582317,612.3791097197507,15.909730409383002,133.65443421838455
1297.7993346475664,648.8997315350346,16.23941116997018,137.61150398669184
1375.1965681201607,687.5983446574689,16.575519555437822,141.68485957389655
1457.209562742639,728.6048385582365,16.91818088205107,145.87791825400907
1544.1135899948315,772.0568489658051,17.267522909305118,150.19419772396134
1636.200337801256,818.1002198316311,17.623675887559674,154.63731905472014
1733.7788895633676,866.8894928462472,17.98677260660215,159.21100972912456
1837.1767615786373,918.588426148768,18.356948445157627,163.91910676899573
1946.7410023284917,973.3705439708272,18.73434142136411,168.7655599541426
2062.839357324804,1031.419719059793,19.11909224423189,173.754435135964
2185.861503424672,1092.9307898361276,19.511344366106133,178.8899176484272
2316.220356756384,1158.1102143563444,19.91124403615239,184.17631581928438
2454.3534586465407,1227.1767632765418,20.31894035488479,189.61806458447265
2600.7244442001165,1300.3622541424108,20.734585329757437,195.2197292087297
2755.8245984626415,1377.9123294703027,21.158333931839547,200.98600911554692
2920.174505387701,1460.0872812309572,21.59034415359565,206.92174182967275
3094.3257951443616,1547.1629245031945,22.030777067792258,213.03190703547372
3278.862995629286,1639.4315232299566,22.479796887552975,219.32163075455793
3474.4054943980086,1737.202771183922,22.937571027584543,225.79618964616546
3681.6096176004703,1840.8048314352618,23.40427016659652,232.46101543393445
3901.170832898638,1950.5854378104268,23.880068310937958,239.32169946275502
4133.826083760148,2066.913062038961,24.36514285947479,246.38399738953555
4380.356262962907,2190.1781505057806,24.85967466973203,253.65383401181504
4641.588833612782,2320.7944347600132,25.363848125325596,261.13730823827404
4918.400606471699,2459.2003201790267,25.877851204708772,268.8406982053124
5211.720682918044,2605.860357448623,26.401875551258993,276.77046654398765
5522.53357341725,2761.266801798318,26.936116544731103,284.93326580173203
5851.882501969514,2925.9412652251885,27.48077337410364,293.3359440233968
6200.87290762581,3100.4364672518727,28.036049111845468,301.98555049630534
6570.676154824831,3285.3380900950274,28.60215078963024,310.8893416641358
6962.533465004367,3481.266744471007,29.179289475527106,320.0547872145945
7377.760082683312,3688.880052636864,29.767680352696356,329.48957634598537
7817.749689997524,3908.8748556582655,30.36754279961932,339.20162421793606
8283.979084506618,4141.989552312887,30.979100471892497,349.1990785916891
8778.01313597249,4389.006577479661,31.602581385616425,359.4903266655312
9301.510038746646,4650.755028332442,32.23821800241022,370.0840021110936
9856.22687739571,4928.113447152746,32.886247316083754,380.9889923164277
10444.025524245699,5222.012770101893,33.546910940999545,392.21444584193165
11066.87888863989,5533.439451849921,34.220455202157396,403.769780095383
11726.877538885456,5863.438776548911,34.9071312270354,415.66468923251676
12426.236719115055,6213.118366263768,35.607195039221544,427.90915228977593
13167.303784615016,6583.651898636315,36.320907653870734,440.5134415560588
13952.566080576338,6976.283046260787,37.04853517502297,453.488131190485
14784.65929071304,7392.329650992992,37.790348894818834,466.84410609341023
15666.376283769463,7833.18814720398,38.54662539464935,480.5925710381334
16600.676487609297,8300.338248824524,39.31764664827796,494.7450600709542
17590.69582234984,8795.347915912273,40.10370012697291,509.3134461874704
18639.75722588148,9319.87861741147,40.90507890668949,524.3099512932298
19751.38180710058,9875.690907769405,41.72208177734183,539.7471564570952
20929.300664290975,10464.650336127146,42.55501335420519,555.6380124659229
22177.46740832167,11088.733707918404,43.40418419149017,571.9958506894103
23500.071432694094,11750.035719893136,44.26991089813124,588.8343942642273
24901.551974979007,12450.775990836017,45.15251625583276,606.1677696068133
26386.61301683937,13193.306511577854,46.0523293394164,624.0105182645004
27960.239072650154,13980.1195393055,46.96968563951505,642.3776091149023
29627.711919708698,14813.85596266703,47.9049271876587,661.2844509238058
31394.628326189355,15697.314165749058,48.85840268379916,680.7469052720992
33266.91883634535,16633.459420677667,49.830467626321,700.7812998625817
35250.86767600913,17625.433840368576,50.82148444458729,721.4044422178185
37353.133845202785,18676.56692483235,51.83182263406949,742.633633780533
39580.77346865453,19790.386736432665,52.86185889411193,764.4866844283645
41941.26347923944,20970.631741606623,53.91197726838222,786.9819274151691
44442.526713836356,22221.263358793258,54.982569288059885,810.1382347513991
47092.958505833616,23546.47925468636,56.07403411781676,833.975033036462
49901.45486353981,24950.727433439864,57.186778704643494,858.5123197563439
52877.44232907843,26438.721166115192,58.32121792957758,883.7706800601678
56030.90961798617,28015.45481048036,59.47777476238958,909.7713040297626
59372.441145710975,29686.220574259056,60.65688041928527,936.5360044567311
62913.25255353957,31456.626278094358,61.858974523682306,964.0872351419279
66665.22835319501,33332.61417784753,63.08450527012157,992.448109732703
70640.9618164559,35320.480909407626,64.3339295913741,1021.6424211137135
74853.79724368441,37426.89862295549,65.60771332880621,1051.6946613675673
79317.87475313466,39658.93737761796,66.90633140606595,1082.6300423220503
84048.17774137396,42024.08887167847,68.23026800615594,1114.4745167011695
89060.58317411506,44530.29158799322,69.58001675195847,1147.2547998977604
94371.91487625704,47185.95743901155,70.95608089028025,1180.9983923859222
100000.0,50000.00000083333,72.35897347948539,1215.7336027920835
