N,gamma_b_over_J,slow_rigidity,min_rigidity,slow_residue_over_participation,max_residue_over_participation
6,0.01,0.9999659614452994,0.9998446188689459,1.0000340397133631,1.0001554052781019
6,0.011329469723303542,0.9999563128895345,0.9998005583880651,1.0000436890191124,1.0001994813968262
6,0.012835688421125162,0.9999439307108419,0.9997440042241971,1.0000560724330994,1.0002560613264209
6,0.014542154334489537,0.9999280412968375,0.9996714138798766,1.0000719638815905,1.0003286941244502
6,0.01647548972442066,0.9999076526708647,0.9995782405243212,1.000092355857952,1.0004219374317886
6,0.018665856200942244,0.9998814932226625,0.9994586483311181,1.0001185208228585,1.0005416448892464
6,0.021147425268811283,0.9998479334862551,0.999305147182476,1.0001520896414866,1.0006953359736845
6,0.02395891143088217,0.9998048864295579,0.9991081239321558,1.0001951516471765,1.0008926722208342
6,0.027144176165949066,0.999749680608976,0.9988552409890304,1.0002503820665103,1.0011460709860582
6,0.030752912203613758,0.999678899227891,0.9985306647542956,1.000321203910933,1.0014714973686523
6,0.0348414187714254,0.9995881766339649,0.9981140759239799,1.000411993034393,1.001889487505999
6,0.03947347990878038,0.999471942158511,0.9975794002320206,1.000528336833897,1.0024264732886592
6,0.044721359549995794,0.9993230995927952,0.9968931810775146,1.000677358911728,1.0031165013277825
6,0.05066692890066491,0.9991326293192456,0.9960124936834083,1.0008681236657695,1.0040034701792198
6,0.057402943695285626,0.9988890997465024,0.9948822727838541,1.0011121357253567,1.0051440530765776
6,0.06503449126242364,0.9985780762573724,0.9934318909035823,1.0014239484887921,1.0066115343754907
6,0.07368062997280773,0.9981814211092963,0.9915707804071805,1.0018218921453002,1.0085008753377729
6,0.08347624664708567,0.9976764895002959,0.9891828378158218,1.0023289217738989,1.010935452750134
6,0.09457416090031759,0.9970352499189797,0.9861192815778391,1.0029735659609436,1.014076104870347
6,0.10714750925269857,0.9962233980040194,0.9821895531333056,1.0037909187874403,1.0181334110201816
6,0.12139244620058345,0.9951996028277942,0.9771497556417665,1.00482355213825,1.0233845879061043
6,0.13753120438672645,0.993915136980993,0.9706880180893164,1.0061221152517,1.0301971193261255
6,0.15581556161088883,0.9923143141473094,0.9624060637485761,1.007745213127652,1.0390624474091483
6,0.17653076876901028,0.9903364051395546,0.9517961714141591,1.009757891167379,1.0506451171307196
6,0.2,0.9879200248943565,0.9382126829053656,1.012227685238929,1.0658564078491217
6,0.22658939446607085,0.9850113301030897,0.92083728327759,1.015216748720384,1.0859681923831772
6,0.25671376842250326,0.981577580933565,0.8986374731829442,1.0187681742373471,1.112795793456101
6,0.29084308668979075,0.9776273317636938,0.8703176455754824,1.022884659122556,1.1490057740226187
6,0.32950979448841317,0.9732370462132288,0.834260055122581,1.0274989057300101,1.1986670030043165
6,0.3733171240188449,0.968580356657859,0.7884401163805524,1.032438860778218,1.2683271427012668
6,0.4229485053762257,0.963949972410454,0.7302415194843312,1.0373982349928383,1.3694099463231864
6,0.4791782286176434,0.9597549576691468,0.6558506047558608,1.041932622498343,1.5247374825128788
6,0.5428835233189814,0.9564737772352265,0.5578894089470525,1.0455069692455032,1.7924699482777002
6,0.6150582440722752,0.9545559331381265,0.4147270281380341,1.0476075474304318,2.411224569784174
6,0.6968283754285082,0.9542959715452938,0.042793241012354044,1.0478929282083187,23.36817629006666
6,0.7894695981756077,0.9557356856573128,0.38860626009422583,1.0463143890167126,2.573298741398373
6,0.8944271909999161,0.9586493245146467,0.5148031870694445,1.043134308268864,1.9424899167632868
6,1.0133385780132982,0.9626207828224003,0.6062908453583851,1.0388306775052203,1.6493734115495169
6,1.1480588739057127,0.9671678711582458,0.6806355457258855,1.0339466702946154,1.4692150685922787
6,1.300689825248473,0.9718532459613435,0.7423920093624312,1.0289619386009399,1.3469972566903077
6,1.473612599456155,0.9763471993379998,0.7934932117185284,1.0242258088905647,1.2602502267589968
6,1.6695249329417137,0.9804418292654723,0.8353749024934973,1.019948323450439,1.1970673251196748
6,1.891483218006352,0.9840344393578282,0.8693722080259845,1.0162245954039886,1.1502553115547849
6,2.1429501850539716,0.9870990894681878,0.8967416043603467,1.0130695192300934,1.1151484386779493
6,2.4278489240116694,0.9896585480850506,0.918625688675631,1.0104495150726074,1.088582664656031
6,2.750624087734529,0.9917620298086754,0.9360280943862948,1.0083063980508646,1.0683440016356007
6,3.116311232217777,0.9934697343392331,0.9498062270003564,1.006573190339925,1.052846329675226
6,3.5306153753802056,0.9948431994416552,0.9606771231993863,1.0051835309938681,1.0409324588365911
6,4.0,0.9959399233445496,0.9692307690575388,1.0040766280779425,1.0317460319304355
10,0.01,0.9999827431883165,0.999805632849197,1.0000172571094863,1.0001944049367368
10,0.011329469723303542,0.999977852727354,0.9997505150012067,1.0000221477631583,1.0002495472570905
10,0.012835688421125162,0.999971577447102,0.9996797665553774,1.0000284233607624,1.0003203360269322
10,0.014542154334489537,0.9999635259259663,0.9995889545827847,1.0000364754044402,1.0004112144450283
10,0.01647548972442066,0.999953196568481,0.999472388739656,1.0000468056221827,1.000527889780937
10,0.018665856200942244,0.9999399468936754,0.9993227644615484,1.0000600567129165,1.0006776944972493
10,0.021147425268811283,0.9999229544563344,0.9991307048219741,1.000077051480139,1.000870051509608
10,0.02395891143088217,0.9999011672480076,0.9988841722187998,1.0000988425208706,1.001117074243675
10,0.027144176165949066,0.9998732409542082,0.9985677128094727,1.0001267751156844,1.0014343415795988
10,0.030752912203613758,0.9998374599290094,0.9981614859947782,1.00016256649456,1.0018419003648387
10,0.0348414187714254,0.9997916382303582,0.9976400175492375,1.0002084051933167,1.0023655651429861
10,0.03947347990878038,0.9997329966259898,0.9969705972974873,1.0002670746838522,1.0030386078694042
10,0.044721359549995794,0.9996580112939234,0.9961112193361807,1.0003421057023631,1.0039039623169896
10,0.05066692890066491,0.9995622302910464,0.995007933111475,1.000437961435204,1.0050171126504635
10,0.057402943695285626,0.999440055234957,0.9935914350750238,1.0005602584788453,1.0064498995248405
10,0.06503449126242364,0.9992844888307574,0.9917726803434688,1.0007160234920487,1.0082955699623446
10,0.07368062997280773,0.9990868551193447,0.9894372280021152,1.0009139794763353,1.010675535242608
10,0.08347624664708567,0.9988365104953189,0.9864379473347378,1.0011648447893677,1.0137485106913269
10,0.09457416090031759,0.9985205822914163,0.9825855984630095,1.0014816096281047,1.0177230376307473
10,0.10714750925269857,0.9981238015007596,0.9776366504284254,1.001879725236909,1.0228749091615728
10,0.12139244620058345,0.9976285408381124,0.9712775005125095,1.0023770963488028,1.0295718777304477
10,0.13753120438672645,0.997015231615264,0.9631039953188669,1.0029937038974825,1.038309471106407
10,0.15581556161088883,0.9962634111391638,0.9525948098302308,1.0037506033234362,1.0497642750942742
10,0.17653076876901028,0.9953537335171159,0.9390768027384949,1.0046679550459576,1.064875627939955
10,0.2,0.9942713249909734,0.921679946520912,1.005761681811631,1.0849753255180656
10,0.22658939446607085,0.9930108063904366,0.8992789212551463,1.0070383862537904,1.1120020455992394
10,0.25671376842250326,0.9915830182106274,0.8704182829907274,1.0084884287394933,1.1488729264326043
10,0.29084308668979075,0.9900228180512206,0.833219168226181,1.0100777292875114,1.2001644202795698
10,0.32950979448841317,0.9883961913479915,0.7852697983700605,1.0117400378042565,1.2734476762962774
10,0.3733171240188449,0.9868035157776057,0.7235113572844264,1.0133729602817594,1.3821483103642291
10,0.4229485053762257,0.9853748843309796,0.644120780075553,1.0148421843316522,1.5525038640776403
10,0.4791782286176434,0.9842542313833622,0.5420632950839179,1.0159976641345063,1.844803012986127
10,0.5428835233189814,0.9835727614314473,0.4065229238798582,1.016701599731824,2.45988587914303
10,0.6150582440722752,0.9834182160634221,0.15775702024063185,1.0168613756240494,6.338862121474327
10,0.6968283754285082,0.9838113379854978,0.30476045016761455,1.0164550472122542,3.2812656611119064
10,0.7894695981756077,0.9846999837599439,0.42597821144901127,1.015537743975211,2.347537909505726
10,0.8944271909999161,0.9859736900691329,0.5236760019851001,1.014225846056687,1.909577670562136
10,1.0133385780132982,0.9874918875110809,0.6084010202125985,1.0126665470847007,1.6436527336041644
10,1.1480588739057127,0.98911400578864,0.6811293854225804,1.0110058033226212,1.4681498426023545
10,1.300689825248473,0.9907217669052228,0.7425060712555734,1.0093651249066227,1.3467903343995637
10,1.473612599456155,0.9922299036950526,0.793519315087699,1.0078309434900234,1.2602087699522235
10,1.6695249329417137,0.9935868358490886,0.8353808384843959,1.0064545582927649,1.1970588190821652
10,1.891483218006352,0.9947692404336189,0.8693735519002138,1.00525826428258,1.1502535334946322
10,2.1429501850539716,0.9957743329050507,0.8967419076430198,1.004243599132166,1.115148061529077
10,2.4278489240116694,0.9966124011784919,0.918625756962858,1.0033991136549196,1.0885825837348388
10,2.750624087734529,0.9973008010986932,0.9360281097359698,1.0027065042947254,1.0683439841161126
10,3.116311232217777,0.9978596953318456,0.9498062304463565,1.0021448953977867,1.0528463258553855
10,3.5306153753802056,0.9983093361220862,0.9606771239722871,1.0016935270629457,1.040932457999122
10,4.0,0.9986685236763518,0.9692307692307692,1.0013332515164761,1.0317460317460319
20,0.01,0.9999944558553318,0.9997714885212872,1.0000055441754063,1.000228563708144
20,0.011329469723303542,0.999992885001461,0.9997066856449317,1.0000071150491623,1.0002934004136212
20,0.012835688421125162,0.9999908695388928,0.9996235040101654,1.0000091305444727,1.000376637792453
20,0.014542154334489537,0.9999882839314169,0.9995167302367699,1.0000117162058508,1.0004835034258164
20,0.01647548972442066,0.9999849673941666,0.9993796714671277,1.0000150328318163,1.0006207135792162
20,0.018665856200942244,0.9999807141236264,0.9992037351034327,1.0000192862483257,1.000796899439617
20,0.021147425268811283,0.9999752609021534,0.9989778888988019,1.0000247397098847,1.0010231568812047
20,0.02395891143088217,0.999968271425311,0.9986879671677316,1.0000317295814232,1.0013137565239618
20,0.027144176165949066,0.9999593165743367,0.9983157789742385,1.0000406850808714,1.001687062411747
20,0.030752912203613758,0.9999478497312367,0.9978379613098348,1.0000521529885555,1.0021667232296183
20,0.0348414187714254,0.9999331761328213,0.9972245035699321,1.0000668283329064,1.0027832212507133
20,0.03947347990878038,0.9999144152245367,0.9964368478418119,1.0000855921008438,1.0035758936112262
20,0.044721359549995794,0.999890455078545,0.9954254409522948,1.0001095569228595,1.0045955818080448
20,0.05066692890066491,0.9998598983060251,0.9941265765798756,1.0001401213252101,1.0059081243359682
20,0.057402943695285626,0.9998209997191363,0.9924583157900772,1.0001790323277002,1.0075989934185992
20,0.06503449126242364,0.9997715975899959,0.9903152075263646,1.000228454589583,1.009779504949567
20,0.07368062997280773,0.9997090431647395,0.9875614402620096,1.0002910415157789,1.0125952262116371
20,0.08347624664708567,0.9996301377460302,0.9840219324240371,1.0003699991026718,1.0162375116341185
20,0.09457416090031759,0.9995310939391406,0.9794706976192803,1.0004691260369012,1.0209595881026543
20,0.10714750925269857,0.9994075483665559,0.9736155784419611,1.0005928028404552,1.027099424189844
20,0.12139244620058345,0.9992546677224878,0.9660780939632448,1.0007458882120723,1.0351130061314129
20,0.13753120438672645,0.9990674076509225,0.956366633228397,1.0009334628894264,1.0456240998541637
20,0.15581556161088883,0.9988410009408868,0.9438404551781627,1.0011603438965977,1.0595010994853327
20,0.17653076876901028,0.9985717590237183,0.9276607647751252,1.0014302837661646,1.0779802681882433
20,0.2,0.9982582518691661,0.9067232546506863,1.0017447871105223,1.1028723426590052
20,0.22658939446607085,0.9979028606867368,0.8795634737862598,1.0021015465491505,1.136927612165722
20,0.25671376842250326,0.9975135479420995,0.8442214806744192,1.002492649912405,1.1845232831568495
20,0.29084308668979075,0.9971054518862117,0.7980445596091033,1.0029029508446798,1.2530628621662656
20,0.32950979448841317,0.9967016379836423,0.7373967592912385,1.0033092772106111,1.356122043391087
20,0.3733171240188449,0.9963321750731772,0.6572431063311065,1.0036813273911922,1.5215070198031397
20,0.4229485053762257,0.9960308825005811,0.5506592258717279,1.003984934171373,1.8160051680182745
20,0.4791782286176434,0.9958297981131597,0.4087165806466306,1.0041876652965611,2.4466832209691605
20,0.5428835233189814,0.9957525312153447,0.2117042785273498,1.0042655867311445,4.723570099556639
20,0.6150582440722752,0.9958086276554169,0.20024154796735824,1.0042090138889952,4.993968585195975
20,0.6968283754285082,0.9959911310412808,0.32021870146853904,1.0040250046750196,3.122865702140287
20,0.7894695981756077,0.9962783687296171,0.42743401501175077,1.00373553354885,2.3395423969065927
20,0.8944271909999161,0.9966392047924588,0.523809521539201,1.0033721282399697,1.9090909173653914
20,1.0133385780132982,0.9970396838058587,0.6084128807379353,1.0029691056857852,1.643620691901056
20,1.1480588739057127,0.9974488510769851,0.6811304162357041,1.002557673930107,1.468147620725179
20,1.300689825248473,0.9978424004148531,0.7425061595294755,1.0021622648869695,1.346790174284477
20,1.473612599456155,0.9982039391465188,0.7935193225697746,1.0017992924922903,1.2602087580697436
20,1.6695249329417137,0.9985244485895542,0.8353808391139609,1.0014777318798052,1.1970588181800303
20,1.891483218006352,0.9988007731055192,0.8693735519529086,1.0012006667663582,1.1502535334249127
20,2.1429501850539716,0.9990338445592243,0.896741907647413,1.0009670897998475,1.1151480615236136
20,2.4278489240116694,0.9992270790788806,0.9186257569632232,1.000773518789975,1.0885825837344059
20,2.750624087734529,0.99938513414855,0.9360281097359999,1.0006152441440643,1.0683439841160784
20,3.116311232217777,0.9995130497290455,0.9498062304463589,1.0004871875070434,1.0528463258553828
20,3.5306153753802056,0.9996157154029911,0.9606771239722875,1.0003844323284314,1.0409324579991215
20,4.0,0.999697580242318,0.9692307692307693,1.000302511243059,1.0317460317460316
40,0.01,0.9999984327197752,0.999752875014706,1.0000015672826812,1.0002471860711482
40,0.011329469723303542,0.9999979886994498,0.9996827921955508,1.0000020113045955,1.0003173084571684
40,0.012835688421125162,0.9999974190350343,0.9995928322684965,1.0000025809716269,1.0004073335845953
40,0.014542154334489537,0.9999966882699182,0.9994773562408663,1.0000033117410494,1.000522917058471
40,0.01647548972442066,0.9999957510042792,0.9993291244806451,1.000004249013775,1.0006713258954638
40,0.018665856200942244,0.9999945491471645,0.9991388417899385,1.0000054508825478,1.0008619004427042
40,0.021147425268811283,0.9999930084353911,0.9988945728039028,1.0000069916134915,1.001106650517676
40,0.02395891143088217,0.9999910340407875,0.9985809905071943,1.0000089660396017,1.001421025942107
40,0.027144176165949066,0.9999885050552629,0.9981784098248871,1.0000114950768724,1.0018249144212932
40,0.030752912203613758,0.9999852676137015,0.9976615441514434,1.0000147326033448,1.0023439370418405
40,0.0348414187714254,0.9999811263952642,0.9969979042834849,1.0000188739609552,1.0030111354333016
40,0.03947347990878038,0.999975834248256,0.9961457350954744,1.0000241663357416,1.0038691777405
40,0.044721359549995794,0.9999690797356384,0.9950513534771043,1.0000309212204541,1.0049732574159145
40,0.05066692890066491,0.9999604725363356,0.9936457087842838,1.0000395290261466,1.006394926440623
40,0.057402943695285626,0.9999495269226193,0.9918399304170142,1.0000504756250408,1.0082272041412517
40,0.06503449126242364,0.9999356440582612,0.9895195504179385,1.0000643600836927,1.0105914527688062
40,0.07368062997280773,0.9999180947579791,0.9865369836966291,1.0000819119510387,1.013646742621776
40,0.08347624664708567,0.9998960057899449,0.982701701699582,1.0001040050259755,1.0176027967291603
40,0.09457416090031759,0.9998683549904296,0.9777673268580401,1.0001316623422605,1.0227382042038595
40,0.10714750925269857,0.999833983559239,0.9714145724726551,1.000166044006796,1.0294265994533958
40,0.12139244620058345,0.9997916379033879,0.9632285020112349,1.0002084055204237,1.0381752594654186
40,0.13753120438672645,0.9997400578095902,0.952667890928714,1.000260009777921,1.04968374553397
40,0.15581556161088883,0.9996781311127607,0.9390233793989577,1.0003219725201757,1.0649362113220988
40,0.17653076876901028,0.9996051343524345,0.9213593032517838,1.0003950216280366,1.0853529089798812
40,0.2,0.9995210690708943,0.8984309980222835,1.0004791604138474,1.1130515333968891
40,0.22658939446607085,0.999427077787026,0.8685637978722676,1.000573250641,1.1513259042683033
40,0.25671376842250326,0.999325877223294,0.8294693388078918,1.0006745775247803,1.2055900721263473
40,0.29084308668979075,0.999222082631381,0.7779532841181908,1.0007785229951789,1.2854242284400137
40,0.32950979448841317,0.9991222381097647,0.709422177833248,1.000878533033051,1.4095978829619462
40,0.3733171240188449,0.9990343591186763,0.6169923046152639,1.0009665742449294,1.6207657575625154
40,0.4229485053762257,0.99896688889651,0.4897939426954766,1.0010341795258415,2.041674902095998
40,0.4791782286176434,0.9989271877792616,0.3104299308695008,1.0010739643828528,3.2213388612336553
40,0.5428835233189814,0.9989199418613388,0.05737344899137907,1.0010812259255215,17.42966507295491
40,0.6150582440722752,0.998946034741339,0.20419571566652764,1.0010550772734519,4.897262397185168
40,0.6968283754285082,0.9990023254909802,0.3202548413244256,1.0009986708574772,3.122513295550704
40,0.7894695981756077,0.9990824247013123,0.4274343107854457,1.0009184180163735,2.339540778002631
40,0.8944271909999161,0.9991781540088814,0.5238095238095253,1.0008225219775087,1.9090909090909038
40,1.0133385780132982,0.9992811526829504,0.608412880754714,1.0007193644302403,1.6436206918557286
40,1.1480588739057127,0.9993841529467707,0.6811304162358242,1.000616226554537,1.4681476207249204
40,1.300689825248473,0.9994816880221,0.7425061595294773,1.0005185807645218,1.346790174284474
40,1.473612599456155,0.9995702508224359,0.793519322569774,1.0004299339413216,1.2602087580697447
40,1.6695249329417137,0.9996480712597662,0.8353808391139611,1.000352052637675,1.19705881818003
40,1.891483218006352,0.9997147104948391,0.8693735519529087,1.0002853709184885,1.1502535334249127
40,2.1429501850539716,0.9997706264149717,0.8967419076474135,1.0002294262093403,1.1151480615236131
40,2.4278489240116694,0.9998167988491596,0.9186257569632232,1.0001832347196518,1.0885825837344059
40,2.750624087734529,0.9998544478442737,0.9360281097360005,1.0001455733442404,1.0683439841160778
40,3.116311232217777,0.9998848440584359,0.9498062304463588,1.0001151692039825,1.0528463258553828
40,3.5306153753802056,0.9999091945230798,0.9606771239722877,1.0000908137233038,1.0409324579991213
40,4.0,0.9999285831501188,0.9692307692307693,1.000071421950612,1.0317460317460316
