case,N,gamma_s,gamma_t,gap,participation,residue_abs,rigidity,residue_over_participation,asymptotic_participation
benchmark,2,0.25,0.0,0.12499999999999994,0.5000000000000002,0.5163977794943224,0.9682458365518544,1.0327955589886444,0.5848654459904805
benchmark,3,0.25,0.0,0.06048603188038176,0.2419441275215274,0.2505504956605784,0.9656501651838276,1.0355717174341634,0.24674011002723395
benchmark,4,0.25,0.0,0.03233574395054636,0.12934297580218607,0.13311179242696602,0.9716868313763578,1.0291381623269893,0.1263309363339438
benchmark,5,0.25,0.0,0.01899202651128995,0.07596810604516119,0.07770167082733917,0.9776894786982107,1.0228196393516433,0.07310818074881006
benchmark,6,0.25,0.0,0.01201663002739417,0.04806652010957736,0.04893009206044233,0.9823509027982573,1.01796618413183,0.04603897096718068
benchmark,7,0.25,0.0,0.00805611348351543,0.03222445393406123,0.0326878833117248,0.9858225944689011,1.014381294982123,0.030842513753404244
benchmark,8,0.25,0.0,0.005652821227484494,0.022611284909937697,0.022876289930872595,0.9884157342936428,1.0117200336907182,0.02166168318483261
benchmark,9,0.25,0.0,0.004114283718817058,0.01645713487526828,0.01661696064786862,0.9903817686045473,1.0097116401981079,0.015791367041742974
benchmark,10,0.25,0.0,0.003085408710312018,0.012341634841249205,0.012442433126143654,0.9918988284789207,1.0081673365150583,0.01186428778493086
benchmark,11,0.25,0.0,0.002372067579465509,0.009488270317863813,0.009554291886533738,0.9930898522408577,1.0069582301576743,0.009138522593601258
benchmark,12,0.25,0.0,0.001862281358853588,0.00744912543541484,0.007493788466916926,0.9940399930289919,1.0059957416329368,0.007187695512855244
benchmark,13,0.25,0.0,0.0014884641078986233,0.005953856431594983,0.005984923961720076,0.9948090351149317,1.0052180516077325,0.005754871370897585
benchmark,14,0.25,0.0,0.001208217291185032,0.004832869164739168,0.004855009679508774,0.9954396558954244,1.004581236117697,0.004678923567923844
benchmark,15,0.25,0.0,0.000994043630169193,0.003976174520678061,0.003992292016222344,0.995962846535576,1.0040535181392225,0.0038553142191755305
benchmark,16,0.25,0.0,0.0008275869657933625,0.0033103478631747677,0.003322303215871961,0.9964014865831401,1.003611509482187,0.0032142004969963308
benchmark,17,0.25,0.0,0.0006962790051526456,0.0027851160206130692,0.002794133441003361,0.9967727309447847,1.003237718042463,0.002707710398104076
benchmark,18,0.25,0.0,0.000591319637921724,0.002365278551686072,0.0023721824842643413,0.9970896283805878,1.0029188666059428,0.0023022841582946455
benchmark,19,0.25,0.0,0.0005064233327073397,0.002025693330830643,0.0020310507620812748,0.9973622366556993,1.0026447395413178,0.0019739208802178718
benchmark,20,0.25,0.0,0.0004370199451287915,0.001748079780516879,0.0017522880700593273,0.99759840313111,1.0024073784213694,0.0017051470728585436
benchmark,21,0.25,0.0,0.0003797328829440454,0.0015189315317774353,0.001522273958998576,0.9978043195172704,1.0022005121042088,0.0014830359731163574
benchmark,22,0.25,0.0,0.00033203095773904836,0.0013281238309554788,0.001330805508091045,0.997984921824217,1.0020191469146644,0.0012978850202796887
benchmark,23,0.25,0.0,0.00029199154752405357,0.0011679661900980303,0.0011701377520828948,0.9981441826135439,1.001859267848055,0.0011423153242001573
benchmark,24,0.25,0.0,0.0002581366064657232,0.0010325464258638514,0.00103431994608219,0.998285327257725,1.001717617894861,0.0010106474906715502
benchmark,25,0.25,0.0,0.0002293172676548343,0.0009172690706181643,0.0009187289347009609,0.9984109958578025,1.001591533094878,0.0008984619391069056
benchmark,26,0.25,0.0,0.0002046314304557928,0.0008185257218253959,0.0008197361722837527,0.9985233658105083,1.0014788178625071,0.0008022845624012077
benchmark,28,0.25,0.0,0.00016494364432945188,0.0006597745773206585,0.0006606233813318207,0.998715146882251,1.0012865060891087,0.0006474790701440392
benchmark,29,0.25,0.0,0.00014890937060063614,0.0005956374824065456,0.0005963546934822819,0.9987973414419724,1.0012041066872397,0.0005848654459904805
benchmark,30,0.25,0.0,0.00013488719619569878,0.0005395487847836183,0.0005401581345236112,0.9988719049088646,1.0011293691269034,0.0005300717344749412
benchmark,32,0.25,0.0,0.00011170976031978296,0.00044683904128071,0.0004472855821259074,0.9990016650143849,1.000999332654366,0.00043941806610855034
benchmark,34,0.25,0.0,9.355117340564352e-05,0.00037420469362501566,0.0003745379268351464,0.999110281799906,1.0008905105034964,0.0003683117677374454
benchmark,35,0.25,0.0,8.593505130127799e-05,0.00034374020520576323,0.00034402985536142295,0.9991580668039539,1.0008426426448611,0.0003384637997630095
benchmark,37,0.25,0.0,7.301316344447147e-05,0.0002920526537766224,0.00029227396882382776,0.9992427822152762,1.0007577915979995,0.0002877855197868307
benchmark,39,0.25,0.0,6.255699626278588e-05,0.0002502279850498228,0.0002503994245757787,0.9993153357830338,1.0006851333032225,0.00024674011002723397
benchmark,41,0.25,0.0,5.400548066691879e-05,0.00021602192266937233,0.00021615638338386443,0.9993779470567227,1.0006224401339947,0.00021314338410731795
benchmark,43,0.25,0.0,4.694401551966709e-05,0.0001877760620811047,0.00018788271336768833,0.9994323517865374,1.0005679706209707,0.00018537949663954468
benchmark,45,0.25,0.0,4.106173738641929e-05,0.00016424694954853632,0.00016433241504578845,0.999479923074043,1.0005203475467097,0.00016223562753496108
benchmark,48,0.25,0.0,3.394797986685956e-05,0.0001357919194695903,0.0001358543025225554,0.9995408091476914,1.0004594018054151,0.00013422440515213025
benchmark,50,0.25,0.0,3.009572499387495e-05,0.00012038289998094707,0.00012043400625571882,0.9995756491346536,1.0004245310154503,0.00011904446285171595
benchmark,53,0.25,0.0,2.533834553677464e-05,0.00010135338214910228,0.00010139181756035724,0.9996209219621484,1.0003792217925043,0.00010028557030015097
benchmark,55,0.25,0.0,2.271115943630648e-05,9.084463774929371e-05,9.0876699423213e-05,0.9996471958805417,1.0003529286341344,8.991986517027477e-05
benchmark,58,0.25,0.0,1.941028706395702e-05,7.764114825745686e-05,7.76658640377622e-05,0.9996817677803296,1.000318333523654,7.68889080273201e-05
benchmark,61,0.25,0.0,1.6719272024290355e-05,6.687708809875781e-05,6.689638786324253e-05,0.9997114976592734,1.0002885855983474,6.625896680936765e-05
benchmark,64,0.25,0.0,1.4503540335275567e-05,5.8014161338450965e-05,5.802940862278155e-05,0.9997372490140352,1.00026282004219,5.7501564102841956e-05
benchmark,67,0.25,0.0,1.2662634680017531e-05,5.065053872153905e-05,5.0662712913427874e-05,0.9997597011453049,1.0002403566121134,5.022188276556767e-05
benchmark,71,0.25,0.0,1.0662423464351218e-05,4.2649693859187186e-05,4.265884745556735e-05,0.9997854232609147,1.0002146227921445,4.230797497037619e-05
benchmark,74,0.25,0.0,9.430503096208298e-06,3.772201238579022e-05,3.772947910964674e-05,0.9998020984113026,1.0001979407614885,3.743138854339075e-05
benchmark,78,0.25,0.0,8.066275250850907e-06,3.226510100345986e-05,3.2270862311710367e-05,0.9998214702726298,1.0001785616059249,3.202863676452162e-05
benchmark,82,0.25,0.0,6.952980187824309e-06,2.781192075251849e-05,2.781642335826867e-05,0.9998381313912219,1.0001618948144664,2.7617569202767768e-05
benchmark,86,0.25,0.0,6.035478818575253e-06,2.4141915276203744e-05,2.414547516824743e-05,0.9998525648379712,1.000147456902361,2.3980706301631084e-05
benchmark,91,0.25,0.0,5.102140091203255e-06,2.0408560366376414e-05,2.041125372663451e-05,0.999868045329593,1.0001319720847401,2.0279453441870135e-05
benchmark,95,0.25,0.0,4.489422196885869e-06,1.795768878919133e-05,1.795986660975594e-05,0.9998787396024744,1.000121275103393,1.7848676940627457e-05
benchmark,100,0.25,0.0,3.854006924708386e-06,1.541602769986552e-05,1.5417717889474593e-05,0.9998903735545562,1.0001096384647186,1.532694527302504e-05
benchmark_gt0.01,2,0.25,0.01,0.12999999999999995,0.5000000000000001,0.5150535271439557,0.970772887960928,1.0301070542879112,0.5941822232510572
benchmark_gt0.01,3,0.25,0.01,0.06822236586721946,0.24259319111341435,0.2505405033238422,0.9682793316649669,1.0327598321039126,0.25067062543403973
benchmark_gt0.01,4,0.25,0.01,0.041206959431907345,0.13002899763294715,0.13353866146633456,0.9737179945129806,1.0269913934374444,0.12834336022222834
benchmark_gt0.01,5,0.25,0.01,0.028364710716659358,0.07651962798608127,0.07814485638559641,0.9792023624498634,1.0212393661899504,0.07427277790638215
benchmark_gt0.01,6,0.25,0.01,0.021636090914553385,0.048483712143972665,0.04929733913725696,0.9834955190782424,1.0167814500438461,0.04677236159702199
benchmark_gt0.01,7,0.25,0.01,0.017809122049128878,0.03253800853803783,0.032976248608591774,0.9867104328404486,1.013468558471906,0.031333828179254966
benchmark_gt0.01,8,0.25,0.01,0.015483852637949158,0.02284938599145526,0.023100692094681432,0.9891212738477203,1.010998374456108,0.022006749009298412
benchmark_gt0.01,9,0.25,0.01,0.013993772837158854,0.01664072015483003,0.016792617165426276,0.990954536204816,1.0091280310697466,0.016042920027778542
benchmark_gt0.01,10,0.25,0.01,0.01299651589161084,0.01248548288171315,0.012581448939622252,0.9923724160571934,1.0076862111636595,0.01205328326655037
benchmark_gt0.01,11,0.25,0.01,0.01230465617776122,0.009602734074005536,0.009665680589944905,0.9934876271408295,1.0065550618661578,0.009284097238297769
benchmark_gt0.01,12,0.25,0.01,0.011809963374929122,0.007541514062204722,0.007584147405301225,0.9943786241461104,1.0056531543593037,0.007302193913417634
benchmark_gt0.01,13,0.25,0.01,0.011447055951787273,0.006029399799113586,0.006059085115469153,0.9951006932911735,1.0049234280931132,0.005846545199627749
benchmark_gt0.01,14,0.25,0.01,0.011174888008607331,0.004895366702531446,0.004916540193236278,0.9956934165342611,1.0043252103450968,0.004753457786008457
benchmark_gt0.01,15,0.25,0.01,0.010966823007008686,0.004028429195869721,0.004043854051069198,0.9961856053644178,1.0038289999524608,0.003916728522406871
benchmark_gt0.01,16,0.25,0.01,0.010805070006146278,0.0033544583589408023,0.0033659072504545052,0.9965985718970249,1.0034130373039771,0.0032654020003620074
benchmark_gt0.01,17,0.25,0.01,0.010677442185167378,0.0028226757715333717,0.0028313160358570616,0.9969483221885985,1.0030610190553328,0.0027508436261623015
benchmark_gt0.01,18,0.25,0.01,0.010575403170859896,0.002397513211918419,0.0024041316702678246,0.9972470483080207,1.0027605513565074,0.002338959035978793
benchmark_gt0.01,19,0.25,0.01,0.010492853702235627,0.0020535570926487044,0.00205869526839661,0.9975041591503209,1.0025020856572722,0.0020053650034723178
benchmark_gt0.01,20,0.25,0.01,0.010425357718266757,0.0017723238261143233,0.0017763614893533607,0.9977270036176548,1.0022781746651173,0.0017323096887785921
benchmark_gt0.01,21,0.25,0.01,0.01036963680431191,0.0015401533513003558,0.0015433614046060232,0.9979213855574635,1.0020829440801844,0.0015066604083187963
benchmark_gt0.01,22,0.25,0.01,0.010323232772973997,0.001346803220726352,0.0013493779206709307,0.9980919356207504,1.0019117120489138,0.0013185600417340794
benchmark_gt0.01,23,0.25,0.01,0.010284278044796653,0.0011844918533199696,0.0011865774014841325,0.9982423833779794,1.0017607112774287,0.001160512154787221
benchmark_gt0.01,24,0.25,0.01,0.010251336605785366,0.0010472358574408831,0.0010489395881965278,0.9983757589332923,1.0016268835177282,0.0010267468817778268
benchmark_gt0.01,25,0.25,0.01,0.010223292060063166,0.0009303835835978925,0.0009317863469010155,0.9984945440467246,1.001507725768009,0.0009127742391772043
benchmark_gt0.01,26,0.25,0.01,0.010199267660416456,0.0008302819184040768,0.0008314452877551722,0.9986007866443787,1.0014011738968513,0.0008150647781221634
benchmark_gt0.01,28,0.25,0.01,0.010160638561880875,0.0006693273411709869,0.0006701434600939291,0.9987821728159101,1.0012193120955053,0.0006577932685956187
benchmark_gt0.01,29,0.25,0.01,0.010145030206959338,0.0006042925289997095,0.0006049822466763534,0.9988599373280242,1.0011413638983517,0.0005941822232510571
benchmark_gt0.01,30,0.25,0.01,0.010131379576103914,0.0005474149004330002,0.000548000989949058,0.9989304955158704,1.0010706495486226,0.0005385156600241195
benchmark_gt0.01,32,0.25,0.01,0.010108814215417894,0.0004533925642432591,0.0004538221900116559,0.9990533169645455,1.0009475800934537,0.00044641789876112483
benchmark_gt0.01,34,0.25,0.01,0.01009113319922994,0.00037972166345708947,0.0003800423592434654,0.9991561577845839,1.0008445548864824,0.0003741788927761759
benchmark_gt0.01,35,0.25,0.01,0.0100837168156368,0.00034882006515625367,0.0003490988515382907,0.9992014113457875,1.000799226907753,0.0003438554532702877
benchmark_gt0.01,37,0.25,0.01,0.010071132978658262,0.0002963874110766782,0.00029660047285741165,0.999281653941139,1.0007188624508696,0.00029236987949734914
benchmark_gt0.01,39,0.25,0.01,0.010060949520655948,0.0002539563360677215,0.00025412141520404156,0.9993503926609746,1.000650029603026,0.0002506706254340397
benchmark_gt0.01,41,0.25,0.01,0.01005262042616131,0.00021925177567222478,0.00021938127114759225,0.9994097241086715,1.0005906245227454,0.00021653871109732402
benchmark_gt0.01,43,0.25,0.01,0.010045742170730398,0.00019059237804273748,0.0001906951076888988,0.9994612885070502,1.0005390018594462,0.00018833255103984953
benchmark_gt0.01,45,0.25,0.01,0.010040012164341472,0.0001667173514228391,0.00016679968644543088,0.9995063838287328,1.0004938599485242,0.00016482000521675992
benchmark_gt0.01,48,0.25,0.01,0.01003308209721454,0.00013784207172715834,0.00013790218166790063,0.9995641117492464,1.0004360783321748,0.00013636257025370844
benchmark_gt0.01,50,0.25,0.01,0.010029329083757643,0.00012220451565750064,0.0001222537655519874,0.9995971502860106,1.0004030120672855,0.0001209408148282225
benchmark_gt0.01,53,0.25,0.01,0.010024694015379185,0.00010289173074679199,0.00010292877597589437,0.9996400887045324,1.0003600408782465,0.00010188309726527042
benchmark_gt0.01,55,0.25,0.01,0.01002213424563736,9.222602348943802e-05,9.225692851327357e-05,0.9996650113510868,1.0003351009039123,9.135226874418358e-05
benchmark_gt0.01,58,0.25,0.01,0.010018917935422755,7.88247309321039e-05,7.884855823376946e-05,0.9996978092916432,1.000302282055185,7.811373133464737e-05
benchmark_gt0.01,61,0.25,0.01,0.010016295731676284,6.789888198484649e-05,6.79174901868993e-05,0.9997260175250651,1.0002740575619045,6.731445750301494e-05
benchmark_gt0.01,64,0.25,0.01,0.010014136563334941,5.890234722983651e-05,5.891704975109953e-05,0.9997504538783744,1.0002496084104366,5.8417551307341074e-05
benchmark_gt0.01,67,0.25,0.01,0.010012342581254725,5.142742189632326e-05,5.143916227476702e-05,0.9997717618653847,1.0002282902391535,5.1021906255656366e-05
benchmark_gt0.01,71,0.25,0.01,0.010010393273626097,4.3305306774573185e-05,4.331413523266976e-05,0.9997961760508628,1.0002038655018086,4.298193165878596e-05
benchmark_gt0.01,74,0.25,0.01,0.010009192658720134,3.8302744666811484e-05,3.830994674552081e-05,0.9998120049929289,1.0001880303558393,3.8027662288067656e-05
benchmark_gt0.01,78,0.25,0.01,0.010007863053624397,3.276272343598046e-05,3.2768281082232375e-05,0.9998303955511745,1.0001696332193741,3.2538845867727586e-05
benchmark_gt0.01,82,0.25,0.01,0.010006777974574055,2.8241560727150228e-05,2.8245904544576e-05,0.9998462142566932,1.0001538093969997,2.8057510974853473e-05
benchmark_gt0.01,86,0.25,0.01,0.010005883698408602,2.4515410035963382e-05,2.451884465640549e-05,0.9998599191564597,1.0001401004689323,2.4362713651689577e-05
benchmark_gt0.01,91,0.25,0.01,0.0100049739566338,2.072481930725027e-05,2.072741811961556e-05,0.9998746195811611,1.0001253961410599,2.060250065209499e-05
benchmark_gt0.01,95,0.25,0.01,0.010004376712087416,1.8236300363534774e-05,1.823840186866131e-05,0.9998847758075695,1.0001152374705748,1.813300241855033e-05
benchmark_gt0.01,100,0.25,0.01,0.010003757327140369,1.5655529752879318e-05,1.5657160833632432e-05,0.999895825253988,1.0001041855995205,1.5571100122952945e-05
esrstm_illustrative,2,0.3,0.0101,0.15504999999999997,0.5000000000000002,0.5224349546203727,0.9570569418796357,1.044869909240745,0.5471481023360659
esrstm_illustrative,3,0.3,0.0101,0.07940229936932297,0.23905587916289442,0.2505203260941805,0.9542374580536982,1.0479571846190578,0.2308281056730278
esrstm_illustrative,4,0.3,0.0101,0.04672822863387649,0.12634780487711925,0.13118365009834823,0.9631368297985035,1.0382740739020526,0.11818399010459024
esrstm_illustrative,5,0.3,0.0101,0.03143570183064859,0.07359676381734613,0.0757576340495258,0.9714765348827151,1.0293609408905882,0.06839351279200824
esrstm_illustrative,6,0.3,0.0101,0.023520212923859782,0.046292559240635384,0.04734667581539184,0.9777362073133384,1.0227707560793304,0.04306996723928216
esrstm_illustrative,7,0.3,0.0101,0.019058461110775582,0.030901901037514418,0.031458957884641446,0.9822925842245079,1.0180266206422308,0.028853513209128476
esrstm_illustrative,8,0.3,0.0101,0.016365613737054363,0.02161301737514586,0.021927889513343356,0.9856405634474812,1.0145686339270512,0.020264744530965405
esrstm_illustrative,9,0.3,0.0101,0.014648812053729737,0.015690969485098006,0.01587916937736066,0.9881480014608968,1.0119941532256111,0.01477299876307378
esrstm_illustrative,10,0.3,0.0101,0.01350443265797896,0.011743472431800166,0.011861319200064124,0.9900646153875261,1.010035087062055,0.01109917262439803
esrstm_illustrative,11,0.3,0.0101,0.012713063809250413,0.009013673022596572,0.009090413656160586,0.9915580702411704,1.0085138026830607,0.00854918909900103
esrstm_illustrative,12,0.3,0.0101,0.012148712399869803,0.0070669624003794305,0.007118627713601111,0.9927422369450549,1.0073108232780335,0.00672416875879553
esrstm_illustrative,13,0.3,0.0101,0.011735611728634021,0.005641985955965493,0.005677779361107228,0.9936958795216804,1.0063441145407124,0.00538374590491027
esrstm_illustrative,14,0.3,0.0101,0.011426374333667666,0.0045752822824005855,0.0046007031525162724,0.9944745685011682,1.0055561315229602,0.004377184818688528
esrstm_illustrative,15,0.3,0.0101,0.011190344860628865,0.003761106797619393,0.0037795575532453547,0.995118276315142,1.0049056718191678,0.0036066891511410595
esrstm_illustrative,16,0.3,0.0101,0.011007102690460235,0.0031290192840999296,0.0031426701565126667,0.9956562821636095,1.0043626680353501,0.0030069201634589414
esrstm_illustrative,17,0.3,0.0101,0.010862691667360149,0.002630878466229561,0.002641151502948003,0.9961103947626725,1.0039047933419611,0.0025330930663706756
esrstm_illustrative,18,0.3,0.0101,0.010747355465979932,0.0022330302379449133,0.0022408797945643235,0.9964971094663574,1.003515203908136,0.0021538123287758826
esrstm_illustrative,19,0.3,0.0101,0.01065413526869663,0.0019114703990922236,0.0019175508015066708,0.9968290788386573,1.0031810078865646,0.0018466248453842225
esrstm_illustrative,20,0.3,0.0101,0.010577977599285027,0.0016487671586249222,0.0016535357359062405,0.9971161329158061,1.0028922078271472,0.001595183971825265
esrstm_illustrative,21,0.3,0.0101,0.010515152829885688,0.0014320552945377963,0.001435837291660776,0.9973659988182889,1.0026409574667998,0.0013873965780497538
esrstm_illustrative,22,0.3,0.0101,0.010462867849015973,0.0012517000655964511,0.0012547304703319254,0.9975848161759612,1.0024210310590902,0.0012141858110523366
esrstm_illustrative,23,0.3,0.0101,0.010419002941945515,0.0011003895893252646,0.001102840639833301,0.9977775116190792,1.002227438837857,0.0010686486373751288
esrstm_illustrative,24,0.3,0.0101,0.010381929833445436,0.0009725071867732228,0.000974506802125262,0.9979480745053,1.002056144550123,0.0009454719208367219
esrstm_illustrative,25,0.3,0.0101,0.010350383793853446,0.0008636902168123819,0.000865334558037633,0.9980997624445047,1.0019038553328992,0.0008405210948494412
esrstm_illustrative,26,0.3,0.0101,0.010323372396185082,0.0007705153369611889,0.0007718775029546565,0.9982352562573032,1.0017678635688678,0.0007505460937394594
esrstm_illustrative,28,0.3,0.0101,0.010279967035274895,0.0006207900492423133,0.0006217436908274023,0.998466182127526,1.001536174083739,0.0006057238412019262
esrstm_illustrative,29,0.3,0.0101,0.010262438944166119,0.0005603275066094744,0.0005611327177448147,0.998565025510228,1.0014370366006349,0.000547148102336066
esrstm_illustrative,30,0.3,0.0101,0.010247114587435657,0.0005074666693200869,0.0005081503229191224,0.998654623310858,1.0013471891660422,0.0004958879783516424
esrstm_illustrative,32,0.3,0.0101,0.010221794007338803,0.00042012420606882446,0.0004206245869317958,0.9988103860817522,1.001191030785047,0.00041108046757029745
esrstm_illustrative,34,0.3,0.0101,0.010201965201461105,0.000351725427600264,0.0003520984388615888,0.9989406051826563,1.001060518324961,0.00034455973791425724
esrstm_illustrative,35,0.3,0.0101,0.010193651096397102,0.00032304621040948526,0.00032337027758471906,0.9989978448926902,1.001003160429658,0.00031663663329633445
esrstm_illustrative,37,0.3,0.0101,0.010179548734406485,0.00027440060160861,0.0002746479919918586,0.9990992456145249,1.0009015664754317,0.0002692265410969853
esrstm_illustrative,39,0.3,0.0101,0.010168141107190443,0.00023505038699933895,0.0002352418718385913,0.9991860086907327,1.000814654430894,0.00023082810567302782
esrstm_illustrative,41,0.3,0.0101,0.010158814200102784,0.00020287754433485084,0.0002030276182659162,0.9992608201172474,1.0007397266738287,0.00019939799647815813
esrstm_illustrative,43,0.3,0.0101,0.010151114500398973,0.00017631769713544453,0.0001764366547428554,0.999325777245186,1.0006746776378295,0.00017342457225621923
esrstm_illustrative,45,0.3,0.0101,0.010144702112233728,0.00015419838645696913,0.00015429365708455908,0.9993825369792243,1.0006178445169174,0.00015177322638154208
esrstm_illustrative,48,0.3,0.0101,0.010136949332063841,0.00012745544002704164,0.00012752492471785807,0.9994551285486335,1.0005451684981173,0.0001255684176072366
esrstm_illustrative,50,0.3,0.0101,0.010132752070502137,0.00011297713177840835,0.00011303402883492036,0.9994966378081146,1.0005036156929847,0.00011136741346144228
esrstm_illustrative,53,0.3,0.0101,0.010127569736605446,9.510085065699017e-05,9.514361350115098e-05,0.9995505442500324,1.0004496578512747,9.381826171743242e-05
esrstm_illustrative,55,0.3,0.0101,0.010124708451354665,8.523094637916718e-05,8.526660393417859e-05,0.9995818110096311,1.0004183639455648,8.412102976422296e-05
esrstm_illustrative,58,0.3,0.0101,0.010121114086843137,7.283231060110907e-05,7.285978369194761e-05,0.9996229320285287,1.000377210205358,7.193042503407739e-05
esrstm_illustrative,61,0.3,0.0101,0.010118184377030878,6.272637816765821e-05,6.274782071004805e-05,0.9996582743090164,1.0003418425073503,6.19859972939553e-05
esrstm_illustrative,64,0.3,0.0101,0.010115772533567213,5.440680774945202e-05,5.44237405097828e-05,0.9996888718016774,1.0003112250292052,5.379335007036424e-05
esrstm_illustrative,67,0.3,0.0101,0.010113769011455442,4.74957276833423e-05,4.750924229602039e-05,0.999715537187609,1.0002845437545076,4.698312755404596e-05
esrstm_illustrative,71,0.3,0.0101,0.010111592473674769,3.998783606622364e-05,3.999799268349463e-05,0.9997460718253698,1.0002539926705254,3.9579579162041806e-05
esrstm_illustrative,74,0.3,0.0101,0.010110252160489663,3.536447219814096e-05,3.537275443533178e-05,0.9997658582905679,1.0002341965446115,3.501747854950822e-05
esrstm_illustrative,78,0.3,0.0101,0.010108768100279275,3.0245257950124022e-05,3.0251646014866176e-05,0.9997888357962733,1.0002112088034656,2.9963144422801806e-05
esrstm_illustrative,82,0.3,0.0101,0.010107557186704237,2.60682535518672e-05,2.6073244229207763e-05,0.9998085900896455,1.0001914465551225,2.583654186449461e-05
esrstm_illustrative,86,0.3,0.0101,0.010106559362929701,2.2626295033451005e-05,2.263023955340232e-05,0.9998256969422701,1.0001743334445823,2.2434216340812085e-05
esrstm_illustrative,91,0.3,0.0101,0.010105544446329003,1.912537540459141e-05,1.9128358700124044e-05,0.9998440380808721,1.0001559862470422,1.897165329769276e-05
esrstm_illustrative,95,0.3,0.0101,0.010104878253195726,1.682736528636935e-05,1.6829776920667934e-05,0.9998567043217532,1.0001433162148408,1.6697634958986387e-05
esrstm_illustrative,100,0.3,0.0101,0.010104187454631975,1.444447958927847e-05,1.4446350689247842e-05,0.9998704794027488,1.0001295373750094,1.4338527054786688e-05
